relative_path,sha256,size_bytes,provenance_class
adapters/__init__.py,12001abea98cee58a15e3bd4b07015f9734b97a9b4e26f03672b2b821eef9a69,150,CANONICAL_V0_9_UNCHANGED
adapters/_scaffold_helpers.py,fc32ce7289c89e69e7b4b313f543ca97cb17c356842ed66fc23583c1007e59c8,1133,CANONICAL_V0_9_UNCHANGED
adapters/base.py,dea49c2ba25316001f939dadc9bd21664931fdaf3ed10f57dd397ac17eb3f4c2,6882,CANONICAL_V0_9_PLUS_CHEM001
adapters/chemistry/__init__.py,c4653aed74ae3145327e74766afbeb86edba185754154b54eb026ad48e9d4d79,92,CANONICAL_V0_9_UNCHANGED
adapters/chemistry/adapter.py,45c52b0c2af85cab26b834cc6671d5c01545e992ae2a3420d6c54f0f6a972f04,1083,CANONICAL_V0_9_UNCHANGED
adapters/dairy/__init__.py,e8d3f5be43e01050f3b59ba5f643f4bc0a3b2febc16aaa2ed1dc592c876b6d81,80,CANONICAL_V0_9_UNCHANGED
adapters/dairy/adapter.py,c5130d4ddbae71cabd7936be0fba899afc33cc93a022ea7390d9439e5e236771,1331,CANONICAL_V0_9_UNCHANGED
adapters/eco/__init__.py,fcd643f6f6f3d15e15644489271e81ed9cbff0f693d05f879ae5c25dba3ca328,76,CANONICAL_V0_9_UNCHANGED
adapters/eco/adapter.py,94e59f21b6026dc2bc24b3d3df7d6e2826f9ebd08169392bb98db94aeaf50991,1331,CANONICAL_V0_9_UNCHANGED
adapters/factory/__init__.py,7fde504c1536fad8bc94aafa475e108f5b73af9aadacec8987858f1e3e43a8c3,84,CANONICAL_V0_9_UNCHANGED
adapters/factory/adapter.py,7bfebfef3656230ae6f85a26fc818d3ad34a1ec3f5d0d61ac8b534561d0e4c4c,1257,CANONICAL_V0_9_UNCHANGED
adapters/neural_population/__init__.py,8d7f6108d22e2267da0bde673064eb02c60349928e314c029798f3e6c6b3e4f7,106,CANONICAL_V0_9_UNCHANGED
adapters/neural_population/adapter.py,7b19d528f91e5ace2f4b258a21e4735ab20624c2e9744e5e65c280777f0ecf64,1323,CANONICAL_V0_9_UNCHANGED
compatibility/__init__.py,552fe71e9f44a32901901bf13c97ae0bd7d269e351815b93b05454da6657bca4,400,V0_9_TO_V1_COMPATIBILITY
compatibility/migrate_v0_9.py,d60e401e13b54ac82e5967cebb8de667b44f25fc006a80a152339fb698eba3a7,4154,V0_9_TO_V1_COMPATIBILITY
compatibility/replay_historical.py,75077efd62b08dfa976d9d35cbedca99ffc6861a498e5e935865a1dff4cdc976,6201,V0_9_TO_V1_COMPATIBILITY
configs/development/core.json,40a66fc70b3e07608ae2a4b26c50b16f4674aaa663229f944e1f5a6bb078887e,325,CANONICAL_V0_9_UNCHANGED
configs/lockbox/LOCKBOX_CLOSED.json,69f708f828fd0c53eee5a3302077532bebe40d2f1c79305824d62e925a92d7fd,252,CANONICAL_V0_9_UNCHANGED
configs/migration/inheritance_policy.json,0a597e913874ee1dc475f867a25453a6ff637950366f73d7fa0fa8671102f058,1070,CANONICAL_V0_9_UNCHANGED
configs/quarantine/discrepancies.json,36adbbf20887df5b660ca152f783f7ee0c1464635f59db1bd65d8f86c86162fc,8973,CANONICAL_V0_9_UNCHANGED
configs/validation/synthetic_microtests.json,14ced95b4c3e3a1dfc36b3e53f82b891fba33e2fcb260a4b42763a89c3bf047e,264,CANONICAL_V0_9_UNCHANGED
docs/CLAIM_BOUNDARY.md,5d00828d8d155ce58da1ac5fdb64d0735fa4ff9e6af995c1e178bfbd08bfa745,688,RC_RELEASE_ENGINEERING
docs/COMPATIBILITY.md,0946f22e8b9622b66a3aa4153151fcea0be2e7764f04873372c172e652bc5851,742,RC_RELEASE_ENGINEERING
docs/MIGRATION_NOTES.md,3ca7813f36219528dad847ebf95c986c4059f06aaec75e0b323264c860ebae5c,669,RC_RELEASE_ENGINEERING
docs/ROLLBACK.md,ee2d17f7f62dd86a026abf4260b13d57dff6578061d91e01fc4ce029f3f0d026,579,RC_RELEASE_ENGINEERING
examples/SYNTHETIC_SCENARIOS.md,9673689ad9abe45c1ef3be68525fe41e1051fcaceba788ba1f1a3512f2bebe4d,699,CANONICAL_V0_9_UNCHANGED
examples/minimal_predictive_protocol.json,3feda0d0d8f4afb70a9f33b7bd9ebb085a2bf1a35b09b8ce717c0b117ddef48a,3564,CANONICAL_V0_9_UNCHANGED
examples/minimal_v1_rc_envelope.json,7fd0cba049e7f91c019a8ff34825c7f5fc11d77209771c96f71b2a91ec32993e,1137,RC_INTEGRATION
pyproject.toml,175d9f3a1238df7aa958a36b45ceb30c845ba3cd5c42012e963b429a7ede6441,412,RC_INTEGRATION
release/RIEC_CORE_V1_0_RC_MANIFEST.yaml,57dc598f2aac3e18a2b1bb999bfad2624068fefe78c8fcbe8ed052d9b3da7622,1696,RC_RELEASE_ENGINEERING
release/RIEC_CORE_V1_0_RC_PROVENANCE.md,4e9f7c25b67c36bc67be98fcdc17e6eec9a2947e7901eb372979cea64a126ba7,911,RC_RELEASE_ENGINEERING
release/RIEC_CORE_V1_0_RC_RELEASE_NOTES.md,2252ef592296971f0ae648417cee9549711fa6fef32ce40dde67d54d6a7e570d,822,RC_RELEASE_ENGINEERING
release/build_rc_seal.py,b69ec572014d412ae9a3885c6e2b0fe47c297acfe0aa89391692aea32d461773,4941,RC_RELEASE_ENGINEERING
release/implementation_amendment_log.csv,f8208dd23addd9736121060c1f952983b708f3ed29d3a09273d89e7df8ff7e9d,755,RC_RELEASE_ENGINEERING
schemas/action.schema.json,e30e2810a002427f433fc08b06483149dafdca0dc04c6f61cc48771ff8750097,796,CANONICAL_V0_9_UNCHANGED
schemas/audit-bundle.schema.json,e13be242453105a2e7dc941d262cbad7a44a5737b1f6b5ccaaac650fc413c128,1059,CANONICAL_V0_9_UNCHANGED
schemas/compatibility/v0_9-to-v1-migration.schema.json,069d060bd0b373a9fbcd883e852442e3cb9084fbaef9b7f6a2b10541949852f4,1219,V0_9_TO_V1_COMPATIBILITY
schemas/config.schema.json,27460a5502dfd1b7a3b801ec09dd5975b26e904f32ed26b1c02954e7c1e8055f,422,CANONICAL_V0_9_UNCHANGED
schemas/gate-result.schema.json,22d6e77cc79d21d3a8e6c841a8a5f78370b89580eda97b98db18f9401aa45b3a,1151,CANONICAL_V0_9_UNCHANGED
schemas/protocol.schema.json,64d00a3236ea2cf936bf3acd415e5077a1a647f80177ac47dd5cef77557e6a3c,3922,CANONICAL_V0_9_UNCHANGED
schemas/v1/riec-core-v1-rc.schema.json,5bad0b1a83d3e7383de7b09671f9af85811d63e7132db213d294225c45bfeb97,6733,PHASE8_V1_CANDIDATE
src/riec_core/__init__.py,171993c0c0dbb2e680769410badc28b5bd394ae0008f3abdfdb1e049826ad278,1675,RC_INTEGRATION
src/riec_core/actions.py,7291d3f7c957bdae8e1613deec374b4f5bdd5be1fd30e8a9d0004c725396be68,3656,CANONICAL_V0_9_UNCHANGED
src/riec_core/audit.py,19767328b0b991cf04a0036a1de465f79c0e48f848849efb2f0734b7bb5e3d14,2891,CANONICAL_V0_9_UNCHANGED
src/riec_core/canonical.py,7c4af6786913dba46905c0e5c497e2dc8d97c3672941bf159f5fab6f87504f5a,2396,CANONICAL_V0_9_UNCHANGED
src/riec_core/config.py,67f3ad219938f47b59b35878ff91c525a41192f06c787dfb4f519b46331d0ee7,2080,CANONICAL_V0_9_UNCHANGED
src/riec_core/engines/__init__.py,c9365b6781880b3295816bfba7e1e12c217eab47a4e1274aee29166d90a3a779,168,CANONICAL_V0_9_UNCHANGED
src/riec_core/engines/predictive.py,1e8238f37af742ae34603febe6808a0f1d1b3c0adfdbd33aa625dd81858f2ec5,11731,CANONICAL_V0_9_UNCHANGED
src/riec_core/engines/synthesis.py,4394c52e7271bd0c5ba4dd347090109764101ddeb682207043952824b8eac418,8454,CANONICAL_V0_9_UNCHANGED
src/riec_core/freeze.py,b4040b239cb0fa82334262ca5343859e331722e4340a0db3d37403f7d3ef9187,2001,CANONICAL_V0_9_UNCHANGED
src/riec_core/gates.py,0f49ff715ba467df0c565f0cafd48eeb031d151065615916d1d1118c2ba5aead,4750,CANONICAL_V0_9_UNCHANGED
src/riec_core/models.py,e7dd727df817b224829ecb2c76275e3c6f2c2e0d3912dd30cc63ce9f5bf836f7,2646,CANONICAL_V0_9_UNCHANGED
src/riec_core/protocol.py,36d22f86ec9d4298ec64f69ee2643864af610cfd4de98ce897de3616dd0ad507,12479,CANONICAL_V0_9_UNCHANGED
src/riec_core/provenance.py,74c57e51b286fb3a5f286c0d1ce20dfb4df308e6fb0893b3e23340c9a805d4c1,3001,CANONICAL_V0_9_UNCHANGED
src/riec_core/quarantine.py,d969516ae1c595bc2970250a630de619735e275a38cdc2ead3709d3add3148a1,2600,CANONICAL_V0_9_UNCHANGED
src/riec_core/registry.py,3c3f75472306699b8e1ab36fe9390600295878c62720fedef4e0234582e145d7,4297,CANONICAL_V0_9_UNCHANGED
src/riec_core/reproducibility.py,b4a89675c87fead57daaeb032647e6cc7e9299ba3d87ee2c1bd05ae810c042fa,2373,CANONICAL_V0_9_UNCHANGED
src/riec_core/v1_contracts.py,9fc70ee6f631036bb43f645b44cba0ecdeca13fd25d38e9766c87d6f03ea4173,9770,PHASE8_V1_CANDIDATE
src/riec_core/validation.py,25b312844aec9af82ce3887ed9f46ed046ea9f930209d3e0a4dc03e544743645,4474,CANONICAL_V0_9_UNCHANGED
tests/integration/test_release_integrity.py,ee298793d0648b0c598c3a91bac3bf45a394cc0429e6b49208329f102583b3f0,5043,RC_INTEGRATION_VERIFICATION
tests/v0_9/__init__.py,35c82b34a849d3ff6853428711710218f99e2cdf0983c00fbeeab922a91bc5b5,36,CANONICAL_V0_9_UNCHANGED
tests/v0_9/helpers.py,46ba1fe321ae6e7b9728e0a08e38282a01bcc4ad228d12c6f836f515032d2e2c,3295,CANONICAL_V0_9_PATH_RELOCATION
tests/v0_9/test_actions.py,b9a55be9b000d1a4d453df52e3af66008990213c3bfe094dd48570c11ab191db,2806,CANONICAL_V0_9_UNCHANGED
tests/v0_9/test_adapters.py,5ae33041d71f2b8a5f0d02c6c474ad149cc90f4607979272bf40a8c14bf2854a,3341,CANONICAL_V0_9_UNCHANGED
tests/v0_9/test_config_and_quarantine.py,7ecfbb689d8b283aea595804b56d8f178e5e142e73a4d26d25b71b90689feeb9,3600,CANONICAL_V0_9_UNCHANGED
tests/v0_9/test_dependency_boundaries.py,d489fbdcaea21ca30e853bc59f91cd2f377af4b4b4455aaac49e111c2be3f6dd,1352,CANONICAL_V0_9_UNCHANGED
tests/v0_9/test_freeze_and_reproducibility.py,6daed103d9dc42ea9e0803aa8c2b1978fb68c26a9e0609291c80ad680edd5bc7,2256,CANONICAL_V0_9_UNCHANGED
tests/v0_9/test_gates.py,d328a18d1a524f3ab1a35d7fbe870e6a0ef1e28c6814ab282feb1bc0590b0b61,2348,CANONICAL_V0_9_UNCHANGED
tests/v0_9/test_predictive_engine.py,7186b6b45292fe98d5a266a47e7dd35eb8d196189a26cc058d9b254fb0d9a3f7,4387,CANONICAL_V0_9_UNCHANGED
tests/v0_9/test_protocol.py,41b416361c142afd9b110843b2104e3dbdcb7847828101c7343b13347258e7c5,3110,CANONICAL_V0_9_UNCHANGED
tests/v0_9/test_provenance_and_audit.py,2c05725556b07ee08adb72e655dcbc1a029f425cea4f88de10f09175e88d8374,3451,CANONICAL_V0_9_UNCHANGED
tests/v0_9/test_registry.py,3ed17c24493cb0543dba64675e71077de46b0600a0bf6d3829fe93ab729583a4,2634,CANONICAL_V0_9_UNCHANGED
tests/v0_9/test_schema_contracts.py,4263058ef15b8d7177d48a7f578c45e1577197e668830bc31829575b5396e2af,2039,CANONICAL_V0_9_UNCHANGED
tests/v0_9/test_synthesis_engine.py,bdf81176eeb8e4bf4be614fa55e51439787268e600d9fe7bdafe6cb15ad95396,3653,CANONICAL_V0_9_UNCHANGED
tests/v0_9/test_synthetic_contracts.py,86a662ccf23883324ff70ed13343105c3e1a54991502c842b44e7caee419ee03,2668,CANONICAL_V0_9_UNCHANGED
tests/v1/test_action_constraint_boundary.py,ba2b907f217272a4163b64e00c89f17f96b3ca95eb09fe3f6380857cec811bbf,2401,V1_RC_VERIFICATION
tests/v1/test_lifecycle_threshold_audit.py,ab1b9e5abbd2f12d525558c3ee2cce4269a429958964469af2fd4c8c98f0bdcc,3982,V1_RC_VERIFICATION
tests/v1/test_metric_and_validity.py,b2e2b7b28cbc51802dfb17298ba3bedcfdfc3b4c5cbdaba1cfeee582863b3c4a,4061,V1_RC_VERIFICATION
tests/v1/test_schema_and_compatibility.py,ff219ca86032d4f4d1a27a17a039267f9a5127caf857e65e77e6ce0531e94965,3172,V1_RC_VERIFICATION
